{
    "epoch": 2.977777777777778,
    "total_flos": 1.7622879351865344e+16,
    "train_loss": 0.8027624398914736,
    "train_runtime": 1465.0701,
    "train_samples_per_second": 1.104,
    "train_steps_per_second": 0.137
}